C0002.012;CARPETA;;NUMERO;;;;;;;;;;;
1;APT1;;;;;;;;;;;;;
1;APT1;;;;;'C0002.012';Etiquetas de columna;;;;;;;
1;APT1;;;;;Etiquetas de fila;APT1;APT10;APT19;APT21;APT28;APT29;APT30;Total general
0;APT1;;;;;0;154;241;29;104;158;266;157;1109
1;APT1;;;;;1;250;2;3;2;51;6;7;321
1;APT1;;;;;Total general;404;243;32;106;209;272;164;1430
1;APT1;;;;;;;;;;;;;
0;APT1;;;;;;;;;;;;;
1;APT1;;;;;;;;;;;;;
1;APT1;;;;;;;;;;;;;
1;APT1;;;;;;;;;;;;;
1;APT1;;;;;;;;;;;;;
1;APT1;;;;;;;;;;;;;
1;APT1;;;;;;;;;;;;;
1;APT1;;;;;;;;;;;;;
0;APT1;;;;;;;;;;;;;
1;APT1;;;;;;;;;;;;;
1;APT1;;;;;;;;;;;;;
0;APT1;;;;;;;;;;;;;
1;APT1;;;;;;;;;;;;;
0;APT1;;;;;;;;;;;;;
1;APT1;;;;;;;;;;;;;
0;APT1;;;;;;;;;;;;;
1;APT1;;;;;;;;;;;;;
1;APT1;;;;;;;;;;;;;
1;APT1;;;;;;;;;;;;;
0;APT1;;;;;;;;;;;;;
1;APT1;;;;;;;;;;;;;
0;APT1;;;;;;;;;;;;;
0;APT1;;;;;;;;;;;;;
0;APT1;;;;;;;;;;;;;
0;APT1;;;;;;;;;;;;;
1;APT1;;;;;;;;;;;;;
0;APT1;;;;;;;;;;;;;
0;APT1;;;;;;;;;;;;;
1;APT1;;;;;;;;;;;;;
1;APT1;;;;;;;;;;;;;
1;APT1;;;;;;;;;;;;;
1;APT1;;;;;;;;;;;;;
0;APT1;;;;;;;;;;;;;
1;APT1;;;;;;;;;;;;;
0;APT1;;;;;;;;;;;;;
0;APT1;;;;;;;;;;;;;
1;APT1;;;;;;;;;;;;;
1;APT1;;;;;;;;;;;;;
1;APT1;;;;;;;;;;;;;
0;APT1;;;;;;;;;;;;;
0;APT1;;;;;;;;;;;;;
1;APT1;;;;;;;;;;;;;
1;APT1;;;;;;;;;;;;;
1;APT1;;;;;;;;;;;;;
1;APT1;;;;;;;;;;;;;
1;APT1;;;;;;;;;;;;;
1;APT1;;;;;;;;;;;;;
1;APT1;;;;;;;;;;;;;
1;APT1;;;;;;;;;;;;;
1;APT1;;;;;;;;;;;;;
1;APT1;;;;;;;;;;;;;
1;APT1;;;;;;;;;;;;;
0;APT1;;;;;;;;;;;;;
1;APT1;;;;;;;;;;;;;
1;APT1;;;;;;;;;;;;;
0;APT1;;;;;;;;;;;;;
0;APT1;;;;;;;;;;;;;
1;APT1;;;;;;;;;;;;;
1;APT1;;;;;;;;;;;;;
1;APT1;;;;;;;;;;;;;
1;APT1;;;;;;;;;;;;;
0;APT1;;;;;;;;;;;;;
0;APT1;;;;;;;;;;;;;
1;APT1;;;;;;;;;;;;;
1;APT1;;;;;;;;;;;;;
1;APT1;;;;;;;;;;;;;
0;APT1;;;;;;;;;;;;;
1;APT1;;;;;;;;;;;;;
1;APT1;;;;;;;;;;;;;
1;APT1;;;;;;;;;;;;;
1;APT1;;;;;;;;;;;;;
0;APT1;;;;;;;;;;;;;
0;APT1;;;;;;;;;;;;;
1;APT1;;;;;;;;;;;;;
0;APT1;;;;;;;;;;;;;
1;APT1;;;;;;;;;;;;;
0;APT1;;;;;;;;;;;;;
1;APT1;;;;;;;;;;;;;
0;APT1;;;;;;;;;;;;;
1;APT1;;;;;;;;;;;;;
0;APT1;;;;;;;;;;;;;
0;APT1;;;;;;;;;;;;;
1;APT1;;;;;;;;;;;;;
0;APT1;;;;;;;;;;;;;
1;APT1;;;;;;;;;;;;;
1;APT1;;;;;;;;;;;;;
0;APT1;;;;;;;;;;;;;
1;APT1;;;;;;;;;;;;;
1;APT1;;;;;;;;;;;;;
1;APT1;;;;;;;;;;;;;
1;APT1;;;;;;;;;;;;;
0;APT1;;;;;;;;;;;;;
0;APT1;;;;;;;;;;;;;
0;APT1;;;;;;;;;;;;;
0;APT1;;;;;;;;;;;;;
1;APT1;;;;;;;;;;;;;
1;APT1;;;;;;;;;;;;;
0;APT1;;;;;;;;;;;;;
0;APT1;;;;;;;;;;;;;
1;APT1;;;;;;;;;;;;;
1;APT1;;;;;;;;;;;;;
1;APT1;;;;;;;;;;;;;
0;APT1;;;;;;;;;;;;;
0;APT1;;;;;;;;;;;;;
0;APT1;;;;;;;;;;;;;
1;APT1;;;;;;;;;;;;;
0;APT1;;;;;;;;;;;;;
1;APT1;;;;;;;;;;;;;
1;APT1;;;;;;;;;;;;;
1;APT1;;;;;;;;;;;;;
0;APT1;;;;;;;;;;;;;
1;APT1;;;;;;;;;;;;;
1;APT1;;;;;;;;;;;;;
1;APT1;;;;;;;;;;;;;
1;APT1;;;;;;;;;;;;;
0;APT1;;;;;;;;;;;;;
1;APT1;;;;;;;;;;;;;
1;APT1;;;;;;;;;;;;;
1;APT1;;;;;;;;;;;;;
0;APT1;;;;;;;;;;;;;
1;APT1;;;;;;;;;;;;;
0;APT1;;;;;;;;;;;;;
1;APT1;;;;;;;;;;;;;
0;APT1;;;;;;;;;;;;;
1;APT1;;;;;;;;;;;;;
0;APT1;;;;;;;;;;;;;
1;APT1;;;;;;;;;;;;;
0;APT1;;;;;;;;;;;;;
1;APT1;;;;;;;;;;;;;
0;APT1;;;;;;;;;;;;;
1;APT1;;;;;;;;;;;;;
0;APT1;;;;;;;;;;;;;
0;APT1;;;;;;;;;;;;;
1;APT1;;;;;;;;;;;;;
1;APT1;;;;;;;;;;;;;
1;APT1;;;;;;;;;;;;;
1;APT1;;;;;;;;;;;;;
0;APT1;;;;;;;;;;;;;
1;APT1;;;;;;;;;;;;;
0;APT1;;;;;;;;;;;;;
1;APT1;;;;;;;;;;;;;
1;APT1;;;;;;;;;;;;;
1;APT1;;;;;;;;;;;;;
1;APT1;;;;;;;;;;;;;
1;APT1;;;;;;;;;;;;;
0;APT1;;;;;;;;;;;;;
0;APT1;;;;;;;;;;;;;
1;APT1;;;;;;;;;;;;;
1;APT1;;;;;;;;;;;;;
1;APT1;;;;;;;;;;;;;
0;APT1;;;;;;;;;;;;;
0;APT1;;;;;;;;;;;;;
1;APT1;;;;;;;;;;;;;
1;APT1;;;;;;;;;;;;;
0;APT1;;;;;;;;;;;;;
1;APT1;;;;;;;;;;;;;
0;APT1;;;;;;;;;;;;;
1;APT1;;;;;;;;;;;;;
0;APT1;;;;;;;;;;;;;
1;APT1;;;;;;;;;;;;;
1;APT1;;;;;;;;;;;;;
1;APT1;;;;;;;;;;;;;
1;APT1;;;;;;;;;;;;;
0;APT1;;;;;;;;;;;;;
1;APT1;;;;;;;;;;;;;
0;APT1;;;;;;;;;;;;;
0;APT1;;;;;;;;;;;;;
1;APT1;;;;;;;;;;;;;
0;APT1;;;;;;;;;;;;;
1;APT1;;;;;;;;;;;;;
1;APT1;;;;;;;;;;;;;
0;APT1;;;;;;;;;;;;;
1;APT1;;;;;;;;;;;;;
1;APT1;;;;;;;;;;;;;
1;APT1;;;;;;;;;;;;;
0;APT1;;;;;;;;;;;;;
1;APT1;;;;;;;;;;;;;
1;APT1;;;;;;;;;;;;;
1;APT1;;;;;;;;;;;;;
1;APT1;;;;;;;;;;;;;
0;APT1;;;;;;;;;;;;;
0;APT1;;;;;;;;;;;;;
1;APT1;;;;;;;;;;;;;
0;APT1;;;;;;;;;;;;;
0;APT1;;;;;;;;;;;;;
1;APT1;;;;;;;;;;;;;
1;APT1;;;;;;;;;;;;;
1;APT1;;;;;;;;;;;;;
0;APT1;;;;;;;;;;;;;
0;APT1;;;;;;;;;;;;;
1;APT1;;;;;;;;;;;;;
0;APT1;;;;;;;;;;;;;
0;APT1;;;;;;;;;;;;;
1;APT1;;;;;;;;;;;;;
1;APT1;;;;;;;;;;;;;
0;APT1;;;;;;;;;;;;;
1;APT1;;;;;;;;;;;;;
1;APT1;;;;;;;;;;;;;
0;APT1;;;;;;;;;;;;;
0;APT1;;;;;;;;;;;;;
1;APT1;;;;;;;;;;;;;
0;APT1;;;;;;;;;;;;;
0;APT1;;;;;;;;;;;;;
0;APT1;;;;;;;;;;;;;
1;APT1;;;;;;;;;;;;;
1;APT1;;;;;;;;;;;;;
0;APT1;;;;;;;;;;;;;
1;APT1;;;;;;;;;;;;;
1;APT1;;;;;;;;;;;;;
1;APT1;;;;;;;;;;;;;
1;APT1;;;;;;;;;;;;;
1;APT1;;;;;;;;;;;;;
1;APT1;;;;;;;;;;;;;
1;APT1;;;;;;;;;;;;;
1;APT1;;;;;;;;;;;;;
0;APT1;;;;;;;;;;;;;
1;APT1;;;;;;;;;;;;;
1;APT1;;;;;;;;;;;;;
1;APT1;;;;;;;;;;;;;
1;APT1;;;;;;;;;;;;;
0;APT1;;;;;;;;;;;;;
0;APT1;;;;;;;;;;;;;
1;APT1;;;;;;;;;;;;;
1;APT1;;;;;;;;;;;;;
1;APT1;;;;;;;;;;;;;
0;APT1;;;;;;;;;;;;;
1;APT1;;;;;;;;;;;;;
0;APT1;;;;;;;;;;;;;
0;APT1;;;;;;;;;;;;;
1;APT1;;;;;;;;;;;;;
1;APT1;;;;;;;;;;;;;
0;APT1;;;;;;;;;;;;;
1;APT1;;;;;;;;;;;;;
0;APT1;;;;;;;;;;;;;
0;APT1;;;;;;;;;;;;;
1;APT1;;;;;;;;;;;;;
1;APT1;;;;;;;;;;;;;
1;APT1;;;;;;;;;;;;;
0;APT1;;;;;;;;;;;;;
0;APT1;;;;;;;;;;;;;
1;APT1;;;;;;;;;;;;;
0;APT1;;;;;;;;;;;;;
0;APT1;;;;;;;;;;;;;
0;APT1;;;;;;;;;;;;;
1;APT1;;;;;;;;;;;;;
0;APT1;;;;;;;;;;;;;
0;APT1;;;;;;;;;;;;;
1;APT1;;;;;;;;;;;;;
1;APT1;;;;;;;;;;;;;
0;APT1;;;;;;;;;;;;;
1;APT1;;;;;;;;;;;;;
1;APT1;;;;;;;;;;;;;
0;APT1;;;;;;;;;;;;;
1;APT1;;;;;;;;;;;;;
0;APT1;;;;;;;;;;;;;
0;APT1;;;;;;;;;;;;;
1;APT1;;;;;;;;;;;;;
1;APT1;;;;;;;;;;;;;
0;APT1;;;;;;;;;;;;;
1;APT1;;;;;;;;;;;;;
0;APT1;;;;;;;;;;;;;
1;APT1;;;;;;;;;;;;;
1;APT1;;;;;;;;;;;;;
0;APT1;;;;;;;;;;;;;
0;APT1;;;;;;;;;;;;;
1;APT1;;;;;;;;;;;;;
1;APT1;;;;;;;;;;;;;
1;APT1;;;;;;;;;;;;;
1;APT1;;;;;;;;;;;;;
1;APT1;;;;;;;;;;;;;
1;APT1;;;;;;;;;;;;;
1;APT1;;;;;;;;;;;;;
0;APT1;;;;;;;;;;;;;
1;APT1;;;;;;;;;;;;;
1;APT1;;;;;;;;;;;;;
1;APT1;;;;;;;;;;;;;
0;APT1;;;;;;;;;;;;;
0;APT1;;;;;;;;;;;;;
1;APT1;;;;;;;;;;;;;
0;APT1;;;;;;;;;;;;;
1;APT1;;;;;;;;;;;;;
0;APT1;;;;;;;;;;;;;
1;APT1;;;;;;;;;;;;;
1;APT1;;;;;;;;;;;;;
1;APT1;;;;;;;;;;;;;
1;APT1;;;;;;;;;;;;;
1;APT1;;;;;;;;;;;;;
1;APT1;;;;;;;;;;;;;
1;APT1;;;;;;;;;;;;;
1;APT1;;;;;;;;;;;;;
1;APT1;;;;;;;;;;;;;
1;APT1;;;;;;;;;;;;;
0;APT1;;;;;;;;;;;;;
1;APT1;;;;;;;;;;;;;
0;APT1;;;;;;;;;;;;;
0;APT1;;;;;;;;;;;;;
1;APT1;;;;;;;;;;;;;
1;APT1;;;;;;;;;;;;;
1;APT1;;;;;;;;;;;;;
0;APT1;;;;;;;;;;;;;
0;APT1;;;;;;;;;;;;;
0;APT1;;;;;;;;;;;;;
0;APT1;;;;;;;;;;;;;
0;APT1;;;;;;;;;;;;;
1;APT1;;;;;;;;;;;;;
1;APT1;;;;;;;;;;;;;
0;APT1;;;;;;;;;;;;;
1;APT1;;;;;;;;;;;;;
1;APT1;;;;;;;;;;;;;
0;APT1;;;;;;;;;;;;;
1;APT1;;;;;;;;;;;;;
0;APT1;;;;;;;;;;;;;
1;APT1;;;;;;;;;;;;;
0;APT1;;;;;;;;;;;;;
1;APT1;;;;;;;;;;;;;
0;APT1;;;;;;;;;;;;;
1;APT1;;;;;;;;;;;;;
1;APT1;;;;;;;;;;;;;
1;APT1;;;;;;;;;;;;;
1;APT1;;;;;;;;;;;;;
1;APT1;;;;;;;;;;;;;
1;APT1;;;;;;;;;;;;;
0;APT1;;;;;;;;;;;;;
1;APT1;;;;;;;;;;;;;
0;APT1;;;;;;;;;;;;;
1;APT1;;;;;;;;;;;;;
0;APT1;;;;;;;;;;;;;
0;APT1;;;;;;;;;;;;;
0;APT1;;;;;;;;;;;;;
1;APT1;;;;;;;;;;;;;
0;APT1;;;;;;;;;;;;;
1;APT1;;;;;;;;;;;;;
0;APT1;;;;;;;;;;;;;
1;APT1;;;;;;;;;;;;;
1;APT1;;;;;;;;;;;;;
1;APT1;;;;;;;;;;;;;
0;APT1;;;;;;;;;;;;;
1;APT1;;;;;;;;;;;;;
1;APT1;;;;;;;;;;;;;
0;APT1;;;;;;;;;;;;;
0;APT1;;;;;;;;;;;;;
0;APT1;;;;;;;;;;;;;
1;APT1;;;;;;;;;;;;;
1;APT1;;;;;;;;;;;;;
1;APT1;;;;;;;;;;;;;
1;APT1;;;;;;;;;;;;;
1;APT1;;;;;;;;;;;;;
0;APT1;;;;;;;;;;;;;
1;APT1;;;;;;;;;;;;;
1;APT1;;;;;;;;;;;;;
0;APT1;;;;;;;;;;;;;
0;APT1;;;;;;;;;;;;;
1;APT1;;;;;;;;;;;;;
1;APT1;;;;;;;;;;;;;
1;APT1;;;;;;;;;;;;;
0;APT1;;;;;;;;;;;;;
1;APT1;;;;;;;;;;;;;
1;APT1;;;;;;;;;;;;;
0;APT1;;;;;;;;;;;;;
1;APT1;;;;;;;;;;;;;
0;APT1;;;;;;;;;;;;;
1;APT1;;;;;;;;;;;;;
1;APT1;;;;;;;;;;;;;
0;APT1;;;;;;;;;;;;;
0;APT1;;;;;;;;;;;;;
1;APT1;;;;;;;;;;;;;
0;APT1;;;;;;;;;;;;;
1;APT1;;;;;;;;;;;;;
1;APT1;;;;;;;;;;;;;
1;APT1;;;;;;;;;;;;;
0;APT1;;;;;;;;;;;;;
1;APT1;;;;;;;;;;;;;
1;APT1;;;;;;;;;;;;;
0;APT1;;;;;;;;;;;;;
1;APT1;;;;;;;;;;;;;
1;APT1;;;;;;;;;;;;;
0;APT1;;;;;;;;;;;;;
1;APT1;;;;;;;;;;;;;
1;APT1;;;;;;;;;;;;;
1;APT1;;;;;;;;;;;;;
1;APT1;;;;;;;;;;;;;
1;APT1;;;;;;;;;;;;;
0;APT1;;;;;;;;;;;;;
1;APT1;;;;;;;;;;;;;
0;APT1;;;;;;;;;;;;;
1;APT1;;;;;;;;;;;;;
0;APT1;;;;;;;;;;;;;
1;APT1;;;;;;;;;;;;;
0;APT1;;;;;;;;;;;;;
0;APT1;;;;;;;;;;;;;
1;APT1;;;;;;;;;;;;;
1;APT1;;;;;;;;;;;;;
1;APT1;;;;;;;;;;;;;
1;APT1;;;;;;;;;;;;;
1;APT1;;;;;;;;;;;;;
1;APT1;;250;;;;;;;;;;;
0;APT1;;;;;;;;;;;;;
0;APT10;;;;;;;;;;;;;
0;APT10;;;;;;;;;;;;;
0;APT10;;;;;;;;;;;;;
0;APT10;;;;;;;;;;;;;
0;APT10;;;;;;;;;;;;;
0;APT10;;;;;;;;;;;;;
0;APT10;;;;;;;;;;;;;
0;APT10;;;;;;;;;;;;;
0;APT10;;;;;;;;;;;;;
0;APT10;;;;;;;;;;;;;
0;APT10;;;;;;;;;;;;;
0;APT10;;;;;;;;;;;;;
0;APT10;;;;;;;;;;;;;
0;APT10;;;;;;;;;;;;;
0;APT10;;;;;;;;;;;;;
0;APT10;;;;;;;;;;;;;
0;APT10;;;;;;;;;;;;;
0;APT10;;;;;;;;;;;;;
0;APT10;;;;;;;;;;;;;
0;APT10;;;;;;;;;;;;;
0;APT10;;;;;;;;;;;;;
0;APT10;;;;;;;;;;;;;
0;APT10;;;;;;;;;;;;;
0;APT10;;;;;;;;;;;;;
1;APT10;;;;;;;;;;;;;
0;APT10;;;;;;;;;;;;;
0;APT10;;;;;;;;;;;;;
0;APT10;;;;;;;;;;;;;
0;APT10;;;;;;;;;;;;;
0;APT10;;;;;;;;;;;;;
0;APT10;;;;;;;;;;;;;
0;APT10;;;;;;;;;;;;;
0;APT10;;;;;;;;;;;;;
0;APT10;;;;;;;;;;;;;
0;APT10;;;;;;;;;;;;;
0;APT10;;;;;;;;;;;;;
0;APT10;;;;;;;;;;;;;
0;APT10;;;;;;;;;;;;;
0;APT10;;;;;;;;;;;;;
0;APT10;;;;;;;;;;;;;
0;APT10;;;;;;;;;;;;;
0;APT10;;;;;;;;;;;;;
0;APT10;;;;;;;;;;;;;
0;APT10;;;;;;;;;;;;;
0;APT10;;;;;;;;;;;;;
0;APT10;;;;;;;;;;;;;
0;APT10;;;;;;;;;;;;;
0;APT10;;;;;;;;;;;;;
0;APT10;;;;;;;;;;;;;
0;APT10;;;;;;;;;;;;;
0;APT10;;;;;;;;;;;;;
0;APT10;;;;;;;;;;;;;
0;APT10;;;;;;;;;;;;;
0;APT10;;;;;;;;;;;;;
0;APT10;;;;;;;;;;;;;
0;APT10;;;;;;;;;;;;;
0;APT10;;;;;;;;;;;;;
0;APT10;;;;;;;;;;;;;
0;APT10;;;;;;;;;;;;;
0;APT10;;;;;;;;;;;;;
0;APT10;;;;;;;;;;;;;
0;APT10;;;;;;;;;;;;;
0;APT10;;;;;;;;;;;;;
0;APT10;;;;;;;;;;;;;
0;APT10;;;;;;;;;;;;;
0;APT10;;;;;;;;;;;;;
0;APT10;;;;;;;;;;;;;
0;APT10;;;;;;;;;;;;;
0;APT10;;;;;;;;;;;;;
0;APT10;;;;;;;;;;;;;
0;APT10;;;;;;;;;;;;;
0;APT10;;;;;;;;;;;;;
0;APT10;;;;;;;;;;;;;
0;APT10;;;;;;;;;;;;;
0;APT10;;;;;;;;;;;;;
0;APT10;;;;;;;;;;;;;
0;APT10;;;;;;;;;;;;;
0;APT10;;;;;;;;;;;;;
0;APT10;;;;;;;;;;;;;
0;APT10;;;;;;;;;;;;;
0;APT10;;;;;;;;;;;;;
0;APT10;;;;;;;;;;;;;
0;APT10;;;;;;;;;;;;;
0;APT10;;;;;;;;;;;;;
0;APT10;;;;;;;;;;;;;
0;APT10;;;;;;;;;;;;;
0;APT10;;;;;;;;;;;;;
0;APT10;;;;;;;;;;;;;
0;APT10;;;;;;;;;;;;;
0;APT10;;;;;;;;;;;;;
0;APT10;;;;;;;;;;;;;
0;APT10;;;;;;;;;;;;;
0;APT10;;;;;;;;;;;;;
0;APT10;;;;;;;;;;;;;
0;APT10;;;;;;;;;;;;;
0;APT10;;;;;;;;;;;;;
0;APT10;;;;;;;;;;;;;
0;APT10;;;;;;;;;;;;;
0;APT10;;;;;;;;;;;;;
0;APT10;;;;;;;;;;;;;
0;APT10;;;;;;;;;;;;;
0;APT10;;;;;;;;;;;;;
0;APT10;;;;;;;;;;;;;
0;APT10;;;;;;;;;;;;;
0;APT10;;;;;;;;;;;;;
0;APT10;;;;;;;;;;;;;
0;APT10;;;;;;;;;;;;;
0;APT10;;;;;;;;;;;;;
0;APT10;;;;;;;;;;;;;
0;APT10;;;;;;;;;;;;;
0;APT10;;;;;;;;;;;;;
0;APT10;;;;;;;;;;;;;
0;APT10;;;;;;;;;;;;;
0;APT10;;;;;;;;;;;;;
0;APT10;;;;;;;;;;;;;
0;APT10;;;;;;;;;;;;;
0;APT10;;;;;;;;;;;;;
0;APT10;;;;;;;;;;;;;
0;APT10;;;;;;;;;;;;;
0;APT10;;;;;;;;;;;;;
0;APT10;;;;;;;;;;;;;
0;APT10;;;;;;;;;;;;;
0;APT10;;;;;;;;;;;;;
0;APT10;;;;;;;;;;;;;
0;APT10;;;;;;;;;;;;;
0;APT10;;;;;;;;;;;;;
0;APT10;;;;;;;;;;;;;
0;APT10;;;;;;;;;;;;;
0;APT10;;;;;;;;;;;;;
0;APT10;;;;;;;;;;;;;
0;APT10;;;;;;;;;;;;;
0;APT10;;;;;;;;;;;;;
0;APT10;;;;;;;;;;;;;
0;APT10;;;;;;;;;;;;;
0;APT10;;;;;;;;;;;;;
0;APT10;;;;;;;;;;;;;
0;APT10;;;;;;;;;;;;;
0;APT10;;;;;;;;;;;;;
0;APT10;;;;;;;;;;;;;
0;APT10;;;;;;;;;;;;;
0;APT10;;;;;;;;;;;;;
0;APT10;;;;;;;;;;;;;
0;APT10;;;;;;;;;;;;;
0;APT10;;;;;;;;;;;;;
0;APT10;;;;;;;;;;;;;
0;APT10;;;;;;;;;;;;;
0;APT10;;;;;;;;;;;;;
0;APT10;;;;;;;;;;;;;
0;APT10;;;;;;;;;;;;;
0;APT10;;;;;;;;;;;;;
0;APT10;;;;;;;;;;;;;
0;APT10;;;;;;;;;;;;;
0;APT10;;;;;;;;;;;;;
0;APT10;;;;;;;;;;;;;
0;APT10;;;;;;;;;;;;;
1;APT10;;2;;;;;;;;;;;
0;APT10;;;;;;;;;;;;;
0;APT10;;;;;;;;;;;;;
0;APT10;;;;;;;;;;;;;
0;APT10;;;;;;;;;;;;;
0;APT10;;;;;;;;;;;;;
0;APT10;;;;;;;;;;;;;
0;APT10;;;;;;;;;;;;;
0;APT10;;;;;;;;;;;;;
0;APT10;;;;;;;;;;;;;
0;APT10;;;;;;;;;;;;;
0;APT10;;;;;;;;;;;;;
0;APT10;;;;;;;;;;;;;
0;APT10;;;;;;;;;;;;;
0;APT10;;;;;;;;;;;;;
0;APT10;;;;;;;;;;;;;
0;APT10;;;;;;;;;;;;;
0;APT10;;;;;;;;;;;;;
0;APT10;;;;;;;;;;;;;
0;APT10;;;;;;;;;;;;;
0;APT10;;;;;;;;;;;;;
0;APT10;;;;;;;;;;;;;
0;APT10;;;;;;;;;;;;;
0;APT10;;;;;;;;;;;;;
0;APT10;;;;;;;;;;;;;
0;APT10;;;;;;;;;;;;;
0;APT10;;;;;;;;;;;;;
0;APT10;;;;;;;;;;;;;
0;APT10;;;;;;;;;;;;;
0;APT10;;;;;;;;;;;;;
0;APT10;;;;;;;;;;;;;
0;APT10;;;;;;;;;;;;;
0;APT10;;;;;;;;;;;;;
0;APT10;;;;;;;;;;;;;
0;APT10;;;;;;;;;;;;;
0;APT10;;;;;;;;;;;;;
0;APT10;;;;;;;;;;;;;
0;APT10;;;;;;;;;;;;;
0;APT10;;;;;;;;;;;;;
0;APT10;;;;;;;;;;;;;
0;APT10;;;;;;;;;;;;;
0;APT10;;;;;;;;;;;;;
0;APT10;;;;;;;;;;;;;
0;APT10;;;;;;;;;;;;;
0;APT10;;;;;;;;;;;;;
0;APT10;;;;;;;;;;;;;
0;APT10;;;;;;;;;;;;;
0;APT10;;;;;;;;;;;;;
0;APT10;;;;;;;;;;;;;
0;APT10;;;;;;;;;;;;;
0;APT10;;;;;;;;;;;;;
0;APT10;;;;;;;;;;;;;
0;APT10;;;;;;;;;;;;;
0;APT10;;;;;;;;;;;;;
0;APT10;;;;;;;;;;;;;
0;APT10;;;;;;;;;;;;;
0;APT10;;;;;;;;;;;;;
0;APT10;;;;;;;;;;;;;
0;APT10;;;;;;;;;;;;;
0;APT10;;;;;;;;;;;;;
0;APT10;;;;;;;;;;;;;
0;APT10;;;;;;;;;;;;;
0;APT10;;;;;;;;;;;;;
0;APT10;;;;;;;;;;;;;
0;APT10;;;;;;;;;;;;;
0;APT10;;;;;;;;;;;;;
0;APT10;;;;;;;;;;;;;
0;APT10;;;;;;;;;;;;;
0;APT10;;;;;;;;;;;;;
0;APT10;;;;;;;;;;;;;
0;APT10;;;;;;;;;;;;;
0;APT10;;;;;;;;;;;;;
0;APT10;;;;;;;;;;;;;
0;APT10;;;;;;;;;;;;;
0;APT10;;;;;;;;;;;;;
0;APT10;;;;;;;;;;;;;
0;APT10;;;;;;;;;;;;;
0;APT10;;;;;;;;;;;;;
0;APT10;;;;;;;;;;;;;
0;APT10;;;;;;;;;;;;;
0;APT10;;;;;;;;;;;;;
0;APT10;;;;;;;;;;;;;
0;APT10;;;;;;;;;;;;;
0;APT10;;;;;;;;;;;;;
0;APT10;;;;;;;;;;;;;
0;APT10;;;;;;;;;;;;;
0;APT10;;;;;;;;;;;;;
0;APT10;;;;;;;;;;;;;
1;APT19;;;;;;;;;;;;;
0;APT19;;;;;;;;;;;;;
0;APT19;;;;;;;;;;;;;
0;APT19;;;;;;;;;;;;;
0;APT19;;;;;;;;;;;;;
0;APT19;;;;;;;;;;;;;
0;APT19;;;;;;;;;;;;;
0;APT19;;;;;;;;;;;;;
0;APT19;;;;;;;;;;;;;
0;APT19;;;;;;;;;;;;;
0;APT19;;;;;;;;;;;;;
0;APT19;;;;;;;;;;;;;
0;APT19;;;;;;;;;;;;;
0;APT19;;;;;;;;;;;;;
0;APT19;;;;;;;;;;;;;
0;APT19;;;;;;;;;;;;;
0;APT19;;;;;;;;;;;;;
0;APT19;;;;;;;;;;;;;
0;APT19;;;;;;;;;;;;;
0;APT19;;;;;;;;;;;;;
0;APT19;;;;;;;;;;;;;
1;APT19;;;;;;;;;;;;;
0;APT19;;;;;;;;;;;;;
0;APT19;;;;;;;;;;;;;
0;APT19;;;;;;;;;;;;;
1;APT19;;3;;;;;;;;;;;
0;APT19;;;;;;;;;;;;;
0;APT19;;;;;;;;;;;;;
0;APT19;;;;;;;;;;;;;
0;APT19;;;;;;;;;;;;;
0;APT19;;;;;;;;;;;;;
0;APT19;;;;;;;;;;;;;
0;APT21;;;;;;;;;;;;;
0;APT21;;;;;;;;;;;;;
0;APT21;;;;;;;;;;;;;
0;APT21;;;;;;;;;;;;;
0;APT21;;;;;;;;;;;;;
0;APT21;;;;;;;;;;;;;
0;APT21;;;;;;;;;;;;;
0;APT21;;;;;;;;;;;;;
0;APT21;;;;;;;;;;;;;
0;APT21;;;;;;;;;;;;;
0;APT21;;;;;;;;;;;;;
0;APT21;;;;;;;;;;;;;
0;APT21;;;;;;;;;;;;;
0;APT21;;;;;;;;;;;;;
0;APT21;;;;;;;;;;;;;
0;APT21;;;;;;;;;;;;;
0;APT21;;;;;;;;;;;;;
0;APT21;;;;;;;;;;;;;
1;APT21;;;;;;;;;;;;;
0;APT21;;;;;;;;;;;;;
0;APT21;;;;;;;;;;;;;
0;APT21;;;;;;;;;;;;;
0;APT21;;;;;;;;;;;;;
0;APT21;;;;;;;;;;;;;
0;APT21;;;;;;;;;;;;;
0;APT21;;;;;;;;;;;;;
0;APT21;;;;;;;;;;;;;
0;APT21;;;;;;;;;;;;;
0;APT21;;;;;;;;;;;;;
0;APT21;;;;;;;;;;;;;
0;APT21;;;;;;;;;;;;;
0;APT21;;;;;;;;;;;;;
0;APT21;;;;;;;;;;;;;
0;APT21;;;;;;;;;;;;;
0;APT21;;;;;;;;;;;;;
0;APT21;;;;;;;;;;;;;
0;APT21;;;;;;;;;;;;;
0;APT21;;;;;;;;;;;;;
0;APT21;;;;;;;;;;;;;
0;APT21;;;;;;;;;;;;;
0;APT21;;;;;;;;;;;;;
0;APT21;;;;;;;;;;;;;
0;APT21;;;;;;;;;;;;;
0;APT21;;;;;;;;;;;;;
0;APT21;;;;;;;;;;;;;
0;APT21;;;;;;;;;;;;;
0;APT21;;;;;;;;;;;;;
0;APT21;;;;;;;;;;;;;
0;APT21;;;;;;;;;;;;;
0;APT21;;;;;;;;;;;;;
0;APT21;;;;;;;;;;;;;
0;APT21;;;;;;;;;;;;;
0;APT21;;;;;;;;;;;;;
0;APT21;;;;;;;;;;;;;
0;APT21;;;;;;;;;;;;;
0;APT21;;;;;;;;;;;;;
0;APT21;;;;;;;;;;;;;
0;APT21;;;;;;;;;;;;;
0;APT21;;;;;;;;;;;;;
0;APT21;;;;;;;;;;;;;
0;APT21;;;;;;;;;;;;;
0;APT21;;;;;;;;;;;;;
0;APT21;;;;;;;;;;;;;
0;APT21;;;;;;;;;;;;;
0;APT21;;;;;;;;;;;;;
0;APT21;;;;;;;;;;;;;
0;APT21;;;;;;;;;;;;;
0;APT21;;;;;;;;;;;;;
0;APT21;;;;;;;;;;;;;
0;APT21;;;;;;;;;;;;;
0;APT21;;;;;;;;;;;;;
0;APT21;;;;;;;;;;;;;
0;APT21;;;;;;;;;;;;;
0;APT21;;;;;;;;;;;;;
0;APT21;;;;;;;;;;;;;
0;APT21;;;;;;;;;;;;;
0;APT21;;;;;;;;;;;;;
0;APT21;;;;;;;;;;;;;
0;APT21;;;;;;;;;;;;;
0;APT21;;;;;;;;;;;;;
0;APT21;;;;;;;;;;;;;
0;APT21;;;;;;;;;;;;;
0;APT21;;;;;;;;;;;;;
0;APT21;;;;;;;;;;;;;
1;APT21;;2;;;;;;;;;;;
0;APT21;;;;;;;;;;;;;
0;APT21;;;;;;;;;;;;;
0;APT21;;;;;;;;;;;;;
0;APT21;;;;;;;;;;;;;
0;APT21;;;;;;;;;;;;;
0;APT21;;;;;;;;;;;;;
0;APT21;;;;;;;;;;;;;
0;APT21;;;;;;;;;;;;;
0;APT21;;;;;;;;;;;;;
0;APT21;;;;;;;;;;;;;
0;APT21;;;;;;;;;;;;;
0;APT21;;;;;;;;;;;;;
0;APT21;;;;;;;;;;;;;
0;APT21;;;;;;;;;;;;;
0;APT21;;;;;;;;;;;;;
0;APT21;;;;;;;;;;;;;
0;APT21;;;;;;;;;;;;;
0;APT21;;;;;;;;;;;;;
0;APT21;;;;;;;;;;;;;
0;APT21;;;;;;;;;;;;;
0;APT21;;;;;;;;;;;;;
0;APT28;;;;;;;;;;;;;
1;APT28;;;;;;;;;;;;;
0;APT28;;;;;;;;;;;;;
1;APT28;;;;;;;;;;;;;
0;APT28;;;;;;;;;;;;;
0;APT28;;;;;;;;;;;;;
1;APT28;;;;;;;;;;;;;
0;APT28;;;;;;;;;;;;;
0;APT28;;;;;;;;;;;;;
0;APT28;;;;;;;;;;;;;
0;APT28;;;;;;;;;;;;;
1;APT28;;;;;;;;;;;;;
0;APT28;;;;;;;;;;;;;
0;APT28;;;;;;;;;;;;;
1;APT28;;;;;;;;;;;;;
0;APT28;;;;;;;;;;;;;
1;APT28;;;;;;;;;;;;;
1;APT28;;;;;;;;;;;;;
1;APT28;;;;;;;;;;;;;
1;APT28;;;;;;;;;;;;;
0;APT28;;;;;;;;;;;;;
0;APT28;;;;;;;;;;;;;
0;APT28;;;;;;;;;;;;;
0;APT28;;;;;;;;;;;;;
0;APT28;;;;;;;;;;;;;
0;APT28;;;;;;;;;;;;;
0;APT28;;;;;;;;;;;;;
0;APT28;;;;;;;;;;;;;
0;APT28;;;;;;;;;;;;;
0;APT28;;;;;;;;;;;;;
0;APT28;;;;;;;;;;;;;
0;APT28;;;;;;;;;;;;;
0;APT28;;;;;;;;;;;;;
0;APT28;;;;;;;;;;;;;
0;APT28;;;;;;;;;;;;;
0;APT28;;;;;;;;;;;;;
0;APT28;;;;;;;;;;;;;
0;APT28;;;;;;;;;;;;;
0;APT28;;;;;;;;;;;;;
0;APT28;;;;;;;;;;;;;
1;APT28;;;;;;;;;;;;;
0;APT28;;;;;;;;;;;;;
0;APT28;;;;;;;;;;;;;
0;APT28;;;;;;;;;;;;;
1;APT28;;;;;;;;;;;;;
0;APT28;;;;;;;;;;;;;
1;APT28;;;;;;;;;;;;;
0;APT28;;;;;;;;;;;;;
1;APT28;;;;;;;;;;;;;
0;APT28;;;;;;;;;;;;;
0;APT28;;;;;;;;;;;;;
0;APT28;;;;;;;;;;;;;
0;APT28;;;;;;;;;;;;;
1;APT28;;;;;;;;;;;;;
0;APT28;;;;;;;;;;;;;
1;APT28;;;;;;;;;;;;;
0;APT28;;;;;;;;;;;;;
0;APT28;;;;;;;;;;;;;
0;APT28;;;;;;;;;;;;;
0;APT28;;;;;;;;;;;;;
0;APT28;;;;;;;;;;;;;
0;APT28;;;;;;;;;;;;;
1;APT28;;;;;;;;;;;;;
0;APT28;;;;;;;;;;;;;
1;APT28;;;;;;;;;;;;;
0;APT28;;;;;;;;;;;;;
0;APT28;;;;;;;;;;;;;
0;APT28;;;;;;;;;;;;;
0;APT28;;;;;;;;;;;;;
1;APT28;;;;;;;;;;;;;
1;APT28;;;;;;;;;;;;;
0;APT28;;;;;;;;;;;;;
1;APT28;;;;;;;;;;;;;
0;APT28;;;;;;;;;;;;;
0;APT28;;;;;;;;;;;;;
0;APT28;;;;;;;;;;;;;
0;APT28;;;;;;;;;;;;;
1;APT28;;;;;;;;;;;;;
0;APT28;;;;;;;;;;;;;
0;APT28;;;;;;;;;;;;;
0;APT28;;;;;;;;;;;;;
0;APT28;;;;;;;;;;;;;
1;APT28;;;;;;;;;;;;;
1;APT28;;;;;;;;;;;;;
0;APT28;;;;;;;;;;;;;
0;APT28;;;;;;;;;;;;;
0;APT28;;;;;;;;;;;;;
1;APT28;;;;;;;;;;;;;
1;APT28;;;;;;;;;;;;;
0;APT28;;;;;;;;;;;;;
0;APT28;;;;;;;;;;;;;
0;APT28;;;;;;;;;;;;;
0;APT28;;;;;;;;;;;;;
0;APT28;;;;;;;;;;;;;
0;APT28;;;;;;;;;;;;;
0;APT28;;;;;;;;;;;;;
1;APT28;;;;;;;;;;;;;
1;APT28;;;;;;;;;;;;;
0;APT28;;;;;;;;;;;;;
1;APT28;;;;;;;;;;;;;
0;APT28;;;;;;;;;;;;;
0;APT28;;;;;;;;;;;;;
1;APT28;;;;;;;;;;;;;
1;APT28;;;;;;;;;;;;;
0;APT28;;;;;;;;;;;;;
0;APT28;;;;;;;;;;;;;
1;APT28;;;;;;;;;;;;;
0;APT28;;;;;;;;;;;;;
0;APT28;;;;;;;;;;;;;
0;APT28;;;;;;;;;;;;;
0;APT28;;;;;;;;;;;;;
0;APT28;;;;;;;;;;;;;
0;APT28;;;;;;;;;;;;;
1;APT28;;;;;;;;;;;;;
0;APT28;;;;;;;;;;;;;
0;APT28;;;;;;;;;;;;;
0;APT28;;;;;;;;;;;;;
0;APT28;;;;;;;;;;;;;
0;APT28;;;;;;;;;;;;;
1;APT28;;;;;;;;;;;;;
0;APT28;;;;;;;;;;;;;
0;APT28;;;;;;;;;;;;;
0;APT28;;;;;;;;;;;;;
0;APT28;;;;;;;;;;;;;
0;APT28;;;;;;;;;;;;;
0;APT28;;;;;;;;;;;;;
0;APT28;;;;;;;;;;;;;
1;APT28;;;;;;;;;;;;;
0;APT28;;;;;;;;;;;;;
1;APT28;;;;;;;;;;;;;
0;APT28;;;;;;;;;;;;;
0;APT28;;;;;;;;;;;;;
0;APT28;;;;;;;;;;;;;
0;APT28;;;;;;;;;;;;;
0;APT28;;;;;;;;;;;;;
0;APT28;;;;;;;;;;;;;
1;APT28;;;;;;;;;;;;;
0;APT28;;;;;;;;;;;;;
0;APT28;;;;;;;;;;;;;
0;APT28;;;;;;;;;;;;;
1;APT28;;;;;;;;;;;;;
0;APT28;;;;;;;;;;;;;
0;APT28;;;;;;;;;;;;;
0;APT28;;;;;;;;;;;;;
0;APT28;;;;;;;;;;;;;
0;APT28;;;;;;;;;;;;;
0;APT28;;;;;;;;;;;;;
0;APT28;;;;;;;;;;;;;
0;APT28;;;;;;;;;;;;;
1;APT28;;;;;;;;;;;;;
0;APT28;;;;;;;;;;;;;
0;APT28;;;;;;;;;;;;;
0;APT28;;;;;;;;;;;;;
0;APT28;;;;;;;;;;;;;
1;APT28;;;;;;;;;;;;;
0;APT28;;;;;;;;;;;;;
1;APT28;;;;;;;;;;;;;
0;APT28;;;;;;;;;;;;;
1;APT28;;;;;;;;;;;;;
1;APT28;;;;;;;;;;;;;
1;APT28;;;;;;;;;;;;;
0;APT28;;;;;;;;;;;;;
0;APT28;;;;;;;;;;;;;
1;APT28;;;;;;;;;;;;;
0;APT28;;;;;;;;;;;;;
0;APT28;;;;;;;;;;;;;
0;APT28;;;;;;;;;;;;;
0;APT28;;;;;;;;;;;;;
0;APT28;;;;;;;;;;;;;
0;APT28;;;;;;;;;;;;;
0;APT28;;;;;;;;;;;;;
0;APT28;;;;;;;;;;;;;
0;APT28;;;;;;;;;;;;;
0;APT28;;;;;;;;;;;;;
0;APT28;;;;;;;;;;;;;
0;APT28;;;;;;;;;;;;;
0;APT28;;;;;;;;;;;;;
0;APT28;;;;;;;;;;;;;
0;APT28;;;;;;;;;;;;;
0;APT28;;;;;;;;;;;;;
0;APT28;;;;;;;;;;;;;
0;APT28;;;;;;;;;;;;;
0;APT28;;;;;;;;;;;;;
1;APT28;;;;;;;;;;;;;
0;APT28;;;;;;;;;;;;;
0;APT28;;;;;;;;;;;;;
1;APT28;;;;;;;;;;;;;
0;APT28;;;;;;;;;;;;;
0;APT28;;;;;;;;;;;;;
0;APT28;;;;;;;;;;;;;
0;APT28;;;;;;;;;;;;;
0;APT28;;;;;;;;;;;;;
0;APT28;;;;;;;;;;;;;
0;APT28;;;;;;;;;;;;;
0;APT28;;;;;;;;;;;;;
0;APT28;;;;;;;;;;;;;
1;APT28;;;;;;;;;;;;;
0;APT28;;;;;;;;;;;;;
0;APT28;;;;;;;;;;;;;
0;APT28;;;;;;;;;;;;;
1;APT28;;;;;;;;;;;;;
0;APT28;;;;;;;;;;;;;
1;APT28;;;;;;;;;;;;;
0;APT28;;;;;;;;;;;;;
1;APT28;;;;;;;;;;;;;
0;APT28;;;;;;;;;;;;;
1;APT28;;51;;;;;;;;;;;
0;APT28;;;;;;;;;;;;;
0;APT28;;;;;;;;;;;;;
0;APT29;;;;;;;;;;;;;
0;APT29;;;;;;;;;;;;;
0;APT29;;;;;;;;;;;;;
0;APT29;;;;;;;;;;;;;
0;APT29;;;;;;;;;;;;;
0;APT29;;;;;;;;;;;;;
0;APT29;;;;;;;;;;;;;
0;APT29;;;;;;;;;;;;;
0;APT29;;;;;;;;;;;;;
0;APT29;;;;;;;;;;;;;
0;APT29;;;;;;;;;;;;;
0;APT29;;;;;;;;;;;;;
1;APT29;;;;;;;;;;;;;
0;APT29;;;;;;;;;;;;;
0;APT29;;;;;;;;;;;;;
0;APT29;;;;;;;;;;;;;
0;APT29;;;;;;;;;;;;;
0;APT29;;;;;;;;;;;;;
0;APT29;;;;;;;;;;;;;
0;APT29;;;;;;;;;;;;;
0;APT29;;;;;;;;;;;;;
0;APT29;;;;;;;;;;;;;
0;APT29;;;;;;;;;;;;;
0;APT29;;;;;;;;;;;;;
0;APT29;;;;;;;;;;;;;
0;APT29;;;;;;;;;;;;;
0;APT29;;;;;;;;;;;;;
0;APT29;;;;;;;;;;;;;
0;APT29;;;;;;;;;;;;;
0;APT29;;;;;;;;;;;;;
0;APT29;;;;;;;;;;;;;
0;APT29;;;;;;;;;;;;;
0;APT29;;;;;;;;;;;;;
0;APT29;;;;;;;;;;;;;
0;APT29;;;;;;;;;;;;;
0;APT29;;;;;;;;;;;;;
0;APT29;;;;;;;;;;;;;
0;APT29;;;;;;;;;;;;;
0;APT29;;;;;;;;;;;;;
0;APT29;;;;;;;;;;;;;
0;APT29;;;;;;;;;;;;;
0;APT29;;;;;;;;;;;;;
0;APT29;;;;;;;;;;;;;
0;APT29;;;;;;;;;;;;;
0;APT29;;;;;;;;;;;;;
0;APT29;;;;;;;;;;;;;
0;APT29;;;;;;;;;;;;;
0;APT29;;;;;;;;;;;;;
0;APT29;;;;;;;;;;;;;
0;APT29;;;;;;;;;;;;;
0;APT29;;;;;;;;;;;;;
0;APT29;;;;;;;;;;;;;
0;APT29;;;;;;;;;;;;;
0;APT29;;;;;;;;;;;;;
0;APT29;;;;;;;;;;;;;
0;APT29;;;;;;;;;;;;;
0;APT29;;;;;;;;;;;;;
0;APT29;;;;;;;;;;;;;
0;APT29;;;;;;;;;;;;;
0;APT29;;;;;;;;;;;;;
0;APT29;;;;;;;;;;;;;
1;APT29;;;;;;;;;;;;;
0;APT29;;;;;;;;;;;;;
0;APT29;;;;;;;;;;;;;
0;APT29;;;;;;;;;;;;;
0;APT29;;;;;;;;;;;;;
0;APT29;;;;;;;;;;;;;
0;APT29;;;;;;;;;;;;;
0;APT29;;;;;;;;;;;;;
0;APT29;;;;;;;;;;;;;
0;APT29;;;;;;;;;;;;;
0;APT29;;;;;;;;;;;;;
0;APT29;;;;;;;;;;;;;
0;APT29;;;;;;;;;;;;;
0;APT29;;;;;;;;;;;;;
0;APT29;;;;;;;;;;;;;
0;APT29;;;;;;;;;;;;;
0;APT29;;;;;;;;;;;;;
0;APT29;;;;;;;;;;;;;
1;APT29;;;;;;;;;;;;;
0;APT29;;;;;;;;;;;;;
0;APT29;;;;;;;;;;;;;
0;APT29;;;;;;;;;;;;;
1;APT29;;;;;;;;;;;;;
0;APT29;;;;;;;;;;;;;
0;APT29;;;;;;;;;;;;;
0;APT29;;;;;;;;;;;;;
0;APT29;;;;;;;;;;;;;
0;APT29;;;;;;;;;;;;;
0;APT29;;;;;;;;;;;;;
0;APT29;;;;;;;;;;;;;
0;APT29;;;;;;;;;;;;;
0;APT29;;;;;;;;;;;;;
0;APT29;;;;;;;;;;;;;
0;APT29;;;;;;;;;;;;;
0;APT29;;;;;;;;;;;;;
0;APT29;;;;;;;;;;;;;
0;APT29;;;;;;;;;;;;;
0;APT29;;;;;;;;;;;;;
0;APT29;;;;;;;;;;;;;
0;APT29;;;;;;;;;;;;;
0;APT29;;;;;;;;;;;;;
0;APT29;;;;;;;;;;;;;
0;APT29;;;;;;;;;;;;;
0;APT29;;;;;;;;;;;;;
0;APT29;;;;;;;;;;;;;
0;APT29;;;;;;;;;;;;;
0;APT29;;;;;;;;;;;;;
0;APT29;;;;;;;;;;;;;
0;APT29;;;;;;;;;;;;;
0;APT29;;;;;;;;;;;;;
0;APT29;;;;;;;;;;;;;
0;APT29;;;;;;;;;;;;;
0;APT29;;;;;;;;;;;;;
0;APT29;;;;;;;;;;;;;
0;APT29;;;;;;;;;;;;;
1;APT29;;;;;;;;;;;;;
0;APT29;;;;;;;;;;;;;
0;APT29;;;;;;;;;;;;;
0;APT29;;;;;;;;;;;;;
0;APT29;;;;;;;;;;;;;
0;APT29;;;;;;;;;;;;;
0;APT29;;;;;;;;;;;;;
0;APT29;;;;;;;;;;;;;
0;APT29;;;;;;;;;;;;;
0;APT29;;;;;;;;;;;;;
0;APT29;;;;;;;;;;;;;
0;APT29;;;;;;;;;;;;;
0;APT29;;;;;;;;;;;;;
0;APT29;;;;;;;;;;;;;
0;APT29;;;;;;;;;;;;;
0;APT29;;;;;;;;;;;;;
0;APT29;;;;;;;;;;;;;
0;APT29;;;;;;;;;;;;;
0;APT29;;;;;;;;;;;;;
0;APT29;;;;;;;;;;;;;
0;APT29;;;;;;;;;;;;;
0;APT29;;;;;;;;;;;;;
0;APT29;;;;;;;;;;;;;
0;APT29;;;;;;;;;;;;;
0;APT29;;;;;;;;;;;;;
0;APT29;;;;;;;;;;;;;
0;APT29;;;;;;;;;;;;;
0;APT29;;;;;;;;;;;;;
0;APT29;;;;;;;;;;;;;
0;APT29;;;;;;;;;;;;;
0;APT29;;;;;;;;;;;;;
0;APT29;;;;;;;;;;;;;
0;APT29;;;;;;;;;;;;;
0;APT29;;;;;;;;;;;;;
0;APT29;;;;;;;;;;;;;
0;APT29;;;;;;;;;;;;;
0;APT29;;;;;;;;;;;;;
0;APT29;;;;;;;;;;;;;
0;APT29;;;;;;;;;;;;;
0;APT29;;;;;;;;;;;;;
0;APT29;;;;;;;;;;;;;
0;APT29;;;;;;;;;;;;;
0;APT29;;;;;;;;;;;;;
0;APT29;;;;;;;;;;;;;
0;APT29;;;;;;;;;;;;;
0;APT29;;;;;;;;;;;;;
0;APT29;;;;;;;;;;;;;
0;APT29;;;;;;;;;;;;;
0;APT29;;;;;;;;;;;;;
0;APT29;;;;;;;;;;;;;
0;APT29;;;;;;;;;;;;;
0;APT29;;;;;;;;;;;;;
0;APT29;;;;;;;;;;;;;
0;APT29;;;;;;;;;;;;;
0;APT29;;;;;;;;;;;;;
0;APT29;;;;;;;;;;;;;
0;APT29;;;;;;;;;;;;;
0;APT29;;;;;;;;;;;;;
0;APT29;;;;;;;;;;;;;
0;APT29;;;;;;;;;;;;;
0;APT29;;;;;;;;;;;;;
0;APT29;;;;;;;;;;;;;
0;APT29;;;;;;;;;;;;;
0;APT29;;;;;;;;;;;;;
0;APT29;;;;;;;;;;;;;
0;APT29;;;;;;;;;;;;;
0;APT29;;;;;;;;;;;;;
0;APT29;;;;;;;;;;;;;
0;APT29;;;;;;;;;;;;;
0;APT29;;;;;;;;;;;;;
0;APT29;;;;;;;;;;;;;
0;APT29;;;;;;;;;;;;;
0;APT29;;;;;;;;;;;;;
0;APT29;;;;;;;;;;;;;
0;APT29;;;;;;;;;;;;;
0;APT29;;;;;;;;;;;;;
0;APT29;;;;;;;;;;;;;
0;APT29;;;;;;;;;;;;;
0;APT29;;;;;;;;;;;;;
0;APT29;;;;;;;;;;;;;
0;APT29;;;;;;;;;;;;;
0;APT29;;;;;;;;;;;;;
0;APT29;;;;;;;;;;;;;
0;APT29;;;;;;;;;;;;;
0;APT29;;;;;;;;;;;;;
0;APT29;;;;;;;;;;;;;
0;APT29;;;;;;;;;;;;;
0;APT29;;;;;;;;;;;;;
0;APT29;;;;;;;;;;;;;
0;APT29;;;;;;;;;;;;;
0;APT29;;;;;;;;;;;;;
0;APT29;;;;;;;;;;;;;
0;APT29;;;;;;;;;;;;;
0;APT29;;;;;;;;;;;;;
0;APT29;;;;;;;;;;;;;
0;APT29;;;;;;;;;;;;;
0;APT29;;;;;;;;;;;;;
0;APT29;;;;;;;;;;;;;
0;APT29;;;;;;;;;;;;;
0;APT29;;;;;;;;;;;;;
0;APT29;;;;;;;;;;;;;
0;APT29;;;;;;;;;;;;;
0;APT29;;;;;;;;;;;;;
0;APT29;;;;;;;;;;;;;
0;APT29;;;;;;;;;;;;;
0;APT29;;;;;;;;;;;;;
0;APT29;;;;;;;;;;;;;
0;APT29;;;;;;;;;;;;;
0;APT29;;;;;;;;;;;;;
0;APT29;;;;;;;;;;;;;
0;APT29;;;;;;;;;;;;;
0;APT29;;;;;;;;;;;;;
0;APT29;;;;;;;;;;;;;
0;APT29;;;;;;;;;;;;;
0;APT29;;;;;;;;;;;;;
0;APT29;;;;;;;;;;;;;
0;APT29;;;;;;;;;;;;;
0;APT29;;;;;;;;;;;;;
0;APT29;;;;;;;;;;;;;
0;APT29;;;;;;;;;;;;;
0;APT29;;;;;;;;;;;;;
0;APT29;;;;;;;;;;;;;
0;APT29;;;;;;;;;;;;;
0;APT29;;;;;;;;;;;;;
0;APT29;;;;;;;;;;;;;
0;APT29;;;;;;;;;;;;;
0;APT29;;;;;;;;;;;;;
0;APT29;;;;;;;;;;;;;
0;APT29;;;;;;;;;;;;;
0;APT29;;;;;;;;;;;;;
0;APT29;;;;;;;;;;;;;
0;APT29;;;;;;;;;;;;;
0;APT29;;;;;;;;;;;;;
0;APT29;;;;;;;;;;;;;
0;APT29;;;;;;;;;;;;;
0;APT29;;;;;;;;;;;;;
0;APT29;;;;;;;;;;;;;
0;APT29;;;;;;;;;;;;;
0;APT29;;;;;;;;;;;;;
0;APT29;;;;;;;;;;;;;
0;APT29;;;;;;;;;;;;;
0;APT29;;;;;;;;;;;;;
1;APT29;;6;;;;;;;;;;;
0;APT29;;;;;;;;;;;;;
0;APT29;;;;;;;;;;;;;
0;APT29;;;;;;;;;;;;;
0;APT29;;;;;;;;;;;;;
0;APT29;;;;;;;;;;;;;
0;APT29;;;;;;;;;;;;;
0;APT29;;;;;;;;;;;;;
0;APT29;;;;;;;;;;;;;
0;APT29;;;;;;;;;;;;;
0;APT29;;;;;;;;;;;;;
0;APT29;;;;;;;;;;;;;
0;APT29;;;;;;;;;;;;;
0;APT29;;;;;;;;;;;;;
0;APT30;;;;;;;;;;;;;
0;APT30;;;;;;;;;;;;;
0;APT30;;;;;;;;;;;;;
0;APT30;;;;;;;;;;;;;
0;APT30;;;;;;;;;;;;;
0;APT30;;;;;;;;;;;;;
0;APT30;;;;;;;;;;;;;
0;APT30;;;;;;;;;;;;;
0;APT30;;;;;;;;;;;;;
0;APT30;;;;;;;;;;;;;
0;APT30;;;;;;;;;;;;;
0;APT30;;;;;;;;;;;;;
0;APT30;;;;;;;;;;;;;
0;APT30;;;;;;;;;;;;;
0;APT30;;;;;;;;;;;;;
0;APT30;;;;;;;;;;;;;
0;APT30;;;;;;;;;;;;;
0;APT30;;;;;;;;;;;;;
1;APT30;;;;;;;;;;;;;
0;APT30;;;;;;;;;;;;;
0;APT30;;;;;;;;;;;;;
0;APT30;;;;;;;;;;;;;
0;APT30;;;;;;;;;;;;;
0;APT30;;;;;;;;;;;;;
0;APT30;;;;;;;;;;;;;
0;APT30;;;;;;;;;;;;;
0;APT30;;;;;;;;;;;;;
0;APT30;;;;;;;;;;;;;
0;APT30;;;;;;;;;;;;;
0;APT30;;;;;;;;;;;;;
0;APT30;;;;;;;;;;;;;
1;APT30;;;;;;;;;;;;;
0;APT30;;;;;;;;;;;;;
0;APT30;;;;;;;;;;;;;
0;APT30;;;;;;;;;;;;;
0;APT30;;;;;;;;;;;;;
0;APT30;;;;;;;;;;;;;
0;APT30;;;;;;;;;;;;;
0;APT30;;;;;;;;;;;;;
0;APT30;;;;;;;;;;;;;
0;APT30;;;;;;;;;;;;;
0;APT30;;;;;;;;;;;;;
0;APT30;;;;;;;;;;;;;
0;APT30;;;;;;;;;;;;;
0;APT30;;;;;;;;;;;;;
0;APT30;;;;;;;;;;;;;
0;APT30;;;;;;;;;;;;;
0;APT30;;;;;;;;;;;;;
0;APT30;;;;;;;;;;;;;
0;APT30;;;;;;;;;;;;;
0;APT30;;;;;;;;;;;;;
0;APT30;;;;;;;;;;;;;
0;APT30;;;;;;;;;;;;;
0;APT30;;;;;;;;;;;;;
0;APT30;;;;;;;;;;;;;
0;APT30;;;;;;;;;;;;;
0;APT30;;;;;;;;;;;;;
0;APT30;;;;;;;;;;;;;
0;APT30;;;;;;;;;;;;;
0;APT30;;;;;;;;;;;;;
0;APT30;;;;;;;;;;;;;
0;APT30;;;;;;;;;;;;;
0;APT30;;;;;;;;;;;;;
0;APT30;;;;;;;;;;;;;
0;APT30;;;;;;;;;;;;;
0;APT30;;;;;;;;;;;;;
0;APT30;;;;;;;;;;;;;
0;APT30;;;;;;;;;;;;;
0;APT30;;;;;;;;;;;;;
0;APT30;;;;;;;;;;;;;
0;APT30;;;;;;;;;;;;;
0;APT30;;;;;;;;;;;;;
0;APT30;;;;;;;;;;;;;
0;APT30;;;;;;;;;;;;;
0;APT30;;;;;;;;;;;;;
0;APT30;;;;;;;;;;;;;
0;APT30;;;;;;;;;;;;;
1;APT30;;;;;;;;;;;;;
0;APT30;;;;;;;;;;;;;
0;APT30;;;;;;;;;;;;;
0;APT30;;;;;;;;;;;;;
0;APT30;;;;;;;;;;;;;
0;APT30;;;;;;;;;;;;;
0;APT30;;;;;;;;;;;;;
0;APT30;;;;;;;;;;;;;
0;APT30;;;;;;;;;;;;;
0;APT30;;;;;;;;;;;;;
0;APT30;;;;;;;;;;;;;
0;APT30;;;;;;;;;;;;;
0;APT30;;;;;;;;;;;;;
0;APT30;;;;;;;;;;;;;
0;APT30;;;;;;;;;;;;;
0;APT30;;;;;;;;;;;;;
1;APT30;;;;;;;;;;;;;
0;APT30;;;;;;;;;;;;;
0;APT30;;;;;;;;;;;;;
0;APT30;;;;;;;;;;;;;
0;APT30;;;;;;;;;;;;;
0;APT30;;;;;;;;;;;;;
0;APT30;;;;;;;;;;;;;
0;APT30;;;;;;;;;;;;;
0;APT30;;;;;;;;;;;;;
0;APT30;;;;;;;;;;;;;
0;APT30;;;;;;;;;;;;;
0;APT30;;;;;;;;;;;;;
0;APT30;;;;;;;;;;;;;
0;APT30;;;;;;;;;;;;;
0;APT30;;;;;;;;;;;;;
0;APT30;;;;;;;;;;;;;
0;APT30;;;;;;;;;;;;;
0;APT30;;;;;;;;;;;;;
0;APT30;;;;;;;;;;;;;
0;APT30;;;;;;;;;;;;;
0;APT30;;;;;;;;;;;;;
0;APT30;;;;;;;;;;;;;
0;APT30;;;;;;;;;;;;;
0;APT30;;;;;;;;;;;;;
0;APT30;;;;;;;;;;;;;
0;APT30;;;;;;;;;;;;;
0;APT30;;;;;;;;;;;;;
0;APT30;;;;;;;;;;;;;
0;APT30;;;;;;;;;;;;;
0;APT30;;;;;;;;;;;;;
0;APT30;;;;;;;;;;;;;
0;APT30;;;;;;;;;;;;;
0;APT30;;;;;;;;;;;;;
0;APT30;;;;;;;;;;;;;
0;APT30;;;;;;;;;;;;;
0;APT30;;;;;;;;;;;;;
0;APT30;;;;;;;;;;;;;
1;APT30;;;;;;;;;;;;;
0;APT30;;;;;;;;;;;;;
0;APT30;;;;;;;;;;;;;
0;APT30;;;;;;;;;;;;;
0;APT30;;;;;;;;;;;;;
0;APT30;;;;;;;;;;;;;
0;APT30;;;;;;;;;;;;;
0;APT30;;;;;;;;;;;;;
0;APT30;;;;;;;;;;;;;
0;APT30;;;;;;;;;;;;;
0;APT30;;;;;;;;;;;;;
0;APT30;;;;;;;;;;;;;
0;APT30;;;;;;;;;;;;;
0;APT30;;;;;;;;;;;;;
0;APT30;;;;;;;;;;;;;
0;APT30;;;;;;;;;;;;;
0;APT30;;;;;;;;;;;;;
0;APT30;;;;;;;;;;;;;
0;APT30;;;;;;;;;;;;;
0;APT30;;;;;;;;;;;;;
0;APT30;;;;;;;;;;;;;
0;APT30;;;;;;;;;;;;;
0;APT30;;;;;;;;;;;;;
1;APT30;;;;;;;;;;;;;
0;APT30;;;;;;;;;;;;;
1;APT30;;7;;;;;;;;;;;
0;APT30;;;;;;;;;;;;;
0;APT30;;;;;;;;;;;;;
0;APT30;;;;;;;;;;;;;
0;APT30;;;;;;;;;;;;;
0;APT30;;;;;;;;;;;;;
0;APT30;;;;;;;;;;;;;
0;APT30;;;;;;;;;;;;;
0;APT30;;;;;;;;;;;;;
